{
  "accuracy": 0.9664,
  "labels": [
    "weak",
    "moderate",
    "strong"
  ],
  "confusion_matrix": [
    [
      79,
      2,
      0
    ],
    [
      2,
      75,
      2
    ],
    [
      0,
      2,
      76
    ]
  ],
  "classification_report": {
    "moderate": {
      "precision": 0.9493670886075949,
      "recall": 0.9493670886075949,
      "f1-score": 0.9493670886075949,
      "support": 79.0
    },
    "strong": {
      "precision": 0.9743589743589743,
      "recall": 0.9743589743589743,
      "f1-score": 0.9743589743589743,
      "support": 78.0
    },
    "weak": {
      "precision": 0.9753086419753086,
      "recall": 0.9753086419753086,
      "f1-score": 0.9753086419753086,
      "support": 81.0
    },
    "accuracy": 0.9663865546218487,
    "macro avg": {
      "precision": 0.9663449016472926,
      "recall": 0.9663449016472926,
      "f1-score": 0.9663449016472926,
      "support": 238.0
    },
    "weighted avg": {
      "precision": 0.9663865546218487,
      "recall": 0.9663865546218487,
      "f1-score": 0.9663865546218487,
      "support": 238.0
    }
  }
}